product,date_sent_to_company,issue,sub_product,zip_code,tags,complaint_id,timely,company_response,submitted_via,company,date_received,state,company_public_response,sub_issue
Credit reporting or other personal consumer reports,2026-09-08T00:00:09.000Z,Problem with a company's investigation into an existing problem,Credit reporting,27893,,26731458,Yes,In progress,Web,"TRANSUNION INTERMEDIATE HOLDINGS, INC.",2026-09-07T23:59:51.000Z,NC,,Their investigation did not fix an error on your report
Credit reporting or other personal consumer reports,2026-09-08T00:00:07.000Z,Problem with a company's investigation into an existing problem,Credit reporting,27893,,26731457,Yes,In progress,Web,Experian Information Solutions Inc.,2026-09-07T23:59:51.000Z,NC,,Their investigation did not fix an error on your report
Credit reporting or other personal consumer reports,2026-09-08T00:02:32.000Z,Incorrect information on your report,Credit reporting,60639,,26731611,Yes,In progress,Web,Experian Information Solutions Inc.,2026-09-07T23:59:48.000Z,IL,,Information belongs to someone else
Debt collection,2026-09-08T00:07:48.000Z,Written notification about debt,I do not know,94596,,26732421,Yes,Closed with explanation,Web,"Associated Credit Services, Inc.",2026-09-07T23:59:47.000Z,CA,,Didn't receive enough information to verify debt
Credit reporting or other personal consumer reports,2026-09-08T00:00:04.000Z,Incorrect information on your report,Credit reporting,07083,,26731453,Yes,In progress,Web,"TRANSUNION INTERMEDIATE HOLDINGS, INC.",2026-09-07T23:59:45.000Z,NJ,,Account information incorrect
Credit reporting or other personal consumer reports,2026-09-08T00:00:01.000Z,Incorrect information on your report,Credit reporting,34266,,26731448,Yes,In progress,Web,"TRANSUNION INTERMEDIATE HOLDINGS, INC.",2026-09-07T23:59:44.000Z,FL,,Information belongs to someone else
Credit reporting or other personal consumer reports,2026-09-08T00:12:32.000Z,Incorrect information on your report,Credit reporting,91607,,26732525,Yes,In progress,Web,"TRANSUNION INTERMEDIATE HOLDINGS, INC.",2026-09-07T23:59:34.000Z,CA,,Information belongs to someone else
Credit reporting or other personal consumer reports,2026-09-07T23:59:53.000Z,Incorrect information on your report,Credit reporting,33486,,26731443,Yes,In progress,Web,"TRANSUNION INTERMEDIATE HOLDINGS, INC.",2026-09-07T23:59:32.000Z,FL,,Account information incorrect
Credit reporting or other personal consumer reports,2026-09-07T23:59:53.000Z,Incorrect information on your report,Credit reporting,33486,,26731442,Yes,In progress,Web,Experian Information Solutions Inc.,2026-09-07T23:59:32.000Z,FL,,Account information incorrect
Credit reporting or other personal consumer reports,2026-09-08T00:03:28.000Z,Problem with a company's investigation into an existing problem,Credit reporting,14904,,26731636,Yes,In progress,Web,"TRANSUNION INTERMEDIATE HOLDINGS, INC.",2026-09-07T23:59:29.000Z,NY,,Investigation took more than 30 days
Credit reporting or other personal consumer reports,2026-09-08T00:02:22.000Z,Incorrect information on your report,Credit reporting,38115,,26731584,Yes,Closed with non-monetary relief,Web,"EQUIFAX, INC.",2026-09-07T23:59:28.000Z,TN,,Information belongs to someone else
Credit reporting or other personal consumer reports,2026-09-08T00:05:05.000Z,Incorrect information on your report,Credit reporting,30064,,26731820,Yes,In progress,Web,"EQUIFAX, INC.",2026-09-07T23:59:22.000Z,GA,,Information belongs to someone else
Credit reporting or other personal consumer reports,2026-09-07T23:59:34.000Z,Improper use of your report,Credit reporting,70001,,26731432,Yes,In progress,Web,"TRANSUNION INTERMEDIATE HOLDINGS, INC.",2026-09-07T23:59:13.000Z,LA,,Reporting company used your report improperly
Credit reporting or other personal consumer reports,2026-09-07T23:59:36.000Z,Improper use of your report,Credit reporting,70001,,26731431,Yes,In progress,Web,"TRANSUNION INTERMEDIATE HOLDINGS, INC.",2026-09-07T23:59:13.000Z,LA,,Reporting company used your report improperly
Credit reporting or other personal consumer reports,2026-09-08T00:01:38.000Z,Incorrect information on your report,Credit reporting,91766,,26731550,Yes,Closed with explanation,Web,LEXISNEXIS,2026-09-07T23:59:11.000Z,CA,,Information belongs to someone else
Credit reporting or other personal consumer reports,2026-09-07T23:59:33.000Z,Incorrect information on your report,Credit reporting,77386,,26731430,Yes,In progress,Web,"TRANSUNION INTERMEDIATE HOLDINGS, INC.",2026-09-07T23:59:11.000Z,TX,,Information belongs to someone else
Credit reporting or other personal consumer reports,2026-09-08T00:01:17.000Z,Incorrect information on your report,Credit reporting,30060,,26731542,Yes,Closed with explanation,Web,FIFTH THIRD FINANCIAL CORPORATION,2026-09-07T23:59:08.000Z,GA,,Account information incorrect
Debt collection,2026-09-08T00:05:08.000Z,False statements or representation,I do not know,29435,,26731821,Yes,Closed with explanation,Web,"January Technologies, Inc",2026-09-07T23:59:07.000Z,SC,Company believes it acted appropriately as authorized by contract or law,Attempted to collect wrong amount
Credit reporting or other personal consumer reports,2026-09-07T23:59:24.000Z,Problem with a company's investigation into an existing problem,Credit reporting,75154,,26731424,Yes,In progress,Web,"TRANSUNION INTERMEDIATE HOLDINGS, INC.",2026-09-07T23:59:03.000Z,TX,,Investigation took more than 30 days
Credit reporting or other personal consumer reports,2026-09-07T23:59:24.000Z,Problem with a company's investigation into an existing problem,Credit reporting,75154,,26731423,Yes,In progress,Web,Experian Information Solutions Inc.,2026-09-07T23:59:03.000Z,TX,,Investigation took more than 30 days
Credit reporting or other personal consumer reports,2026-09-08T00:05:52.000Z,Improper use of your report,Credit reporting,19701,,26731985,Yes,In progress,Web,"TRANSUNION INTERMEDIATE HOLDINGS, INC.",2026-09-07T23:58:58.000Z,DE,,Reporting company used your report improperly
Credit reporting or other personal consumer reports,2026-09-08T00:02:02.000Z,Incorrect information on your report,Credit reporting,01841,,26731580,Yes,In progress,Web,"TRANSUNION INTERMEDIATE HOLDINGS, INC.",2026-09-07T23:58:56.000Z,MA,,Account information incorrect
Credit reporting or other personal consumer reports,2026-09-07T23:59:06.000Z,Incorrect information on your report,Credit reporting,91766,,26731418,Yes,In progress,Web,"TRANSUNION INTERMEDIATE HOLDINGS, INC.",2026-09-07T23:58:49.000Z,CA,,Information belongs to someone else
Credit reporting or other personal consumer reports,2026-09-07T23:59:02.000Z,Problem with a company's investigation into an existing problem,Credit reporting,55445,,26731415,Yes,Closed with non-monetary relief,Web,"SANTANDER HOLDINGS USA, INC.",2026-09-07T23:58:43.000Z,MN,,Their investigation did not fix an error on your report
Credit reporting or other personal consumer reports,2026-09-07T23:59:00.000Z,Problem with a company's investigation into an existing problem,Credit reporting,75243,,26731414,Yes,In progress,Web,"TRANSUNION INTERMEDIATE HOLDINGS, INC.",2026-09-07T23:58:42.000Z,TX,,Investigation took more than 30 days
Credit reporting or other personal consumer reports,2026-09-07T23:59:00.000Z,Problem with a company's investigation into an existing problem,Credit reporting,75243,,26731413,Yes,In progress,Web,Experian Information Solutions Inc.,2026-09-07T23:58:42.000Z,TX,,Investigation took more than 30 days
"Money transfer, virtual currency, or money service",2026-09-08T00:23:46.000Z,Unauthorized transactions or other transaction problem,Mobile or digital wallet,74937,,26732744,Yes,Closed with explanation,Web,Chime Financial Inc,2026-09-07T23:58:41.000Z,OK,,
Credit reporting or other personal consumer reports,2026-09-08T00:00:40.000Z,Incorrect information on your report,Credit reporting,91364,,26731496,Yes,In progress,Web,Experian Information Solutions Inc.,2026-09-07T23:58:39.000Z,CA,,Account information incorrect
Credit reporting or other personal consumer reports,2026-09-07T23:58:55.000Z,Problem with a company's investigation into an existing problem,Credit reporting,75104,,26731408,Yes,In progress,Web,"TRANSUNION INTERMEDIATE HOLDINGS, INC.",2026-09-07T23:58:36.000Z,TX,,Investigation took more than 30 days
Credit reporting or other personal consumer reports,2026-09-07T23:58:55.000Z,Problem with a company's investigation into an existing problem,Credit reporting,75104,,26731407,Yes,In progress,Web,Experian Information Solutions Inc.,2026-09-07T23:58:36.000Z,TX,,Investigation took more than 30 days
Credit reporting or other personal consumer reports,2026-09-08T00:00:26.000Z,Incorrect information on your report,Credit reporting,34773,,26731491,Yes,In progress,Web,Experian Information Solutions Inc.,2026-09-07T23:58:35.000Z,FL,,Information belongs to someone else
Credit reporting or other personal consumer reports,2026-09-07T23:58:55.000Z,Incorrect information on your report,Credit reporting,01841,,26731405,Yes,Closed with explanation,Web,"EQUIFAX, INC.",2026-09-07T23:58:30.000Z,MA,,Information belongs to someone else
Credit reporting or other personal consumer reports,2026-09-07T23:58:52.000Z,Incorrect information on your report,Credit reporting,01841,,26731404,Yes,In progress,Web,Experian Information Solutions Inc.,2026-09-07T23:58:30.000Z,MA,,Information belongs to someone else
Credit reporting or other personal consumer reports,2026-09-08T00:01:12.000Z,Incorrect information on your report,Credit reporting,77020,,26731535,Yes,Closed with explanation,Web,"EQUIFAX, INC.",2026-09-07T23:58:29.000Z,TX,,Information belongs to someone else
Credit reporting or other personal consumer reports,2026-09-07T23:58:50.000Z,Incorrect information on your report,Credit reporting,91913,,26731403,Yes,Closed with explanation,Web,"EQUIFAX, INC.",2026-09-07T23:58:29.000Z,CA,,Information belongs to someone else
Credit reporting or other personal consumer reports,2026-09-07T23:58:50.000Z,Incorrect information on your report,Credit reporting,91913,,26731402,Yes,In progress,Web,Experian Information Solutions Inc.,2026-09-07T23:58:29.000Z,CA,,Information belongs to someone else
Credit reporting or other personal consumer reports,2026-09-08T00:00:26.000Z,Incorrect information on your report,Credit reporting,08046,,26731490,Yes,In progress,Web,Experian Information Solutions Inc.,2026-09-07T23:58:28.000Z,NJ,,Information belongs to someone else
Credit reporting or other personal consumer reports,2026-09-07T23:58:50.000Z,Improper use of your report,Credit reporting,75034,,26731400,Yes,Closed with explanation,Web,"AC AutoPay LLC, Denver, CO Branch",2026-09-07T23:58:26.000Z,TX,Company believes it acted appropriately as authorized by contract or law,Credit inquiries on your report that you don't recognize
Credit reporting or other personal consumer reports,2026-09-07T23:58:49.000Z,Improper use of your report,Credit reporting,75034,,26731399,Yes,In progress,Web,"TRANSUNION INTERMEDIATE HOLDINGS, INC.",2026-09-07T23:58:26.000Z,TX,,Credit inquiries on your report that you don't recognize
Credit reporting or other personal consumer reports,2026-09-08T00:01:29.000Z,Incorrect information on your report,Credit reporting,91977,,26731545,Yes,In progress,Web,Experian Information Solutions Inc.,2026-09-07T23:58:24.000Z,CA,,Information belongs to someone else
Credit reporting or other personal consumer reports,2026-09-08T00:00:59.000Z,Incorrect information on your report,Credit reporting,14221,,26731498,Yes,In progress,Web,"TRANSUNION INTERMEDIATE HOLDINGS, INC.",2026-09-07T23:58:21.000Z,NY,,Information belongs to someone else
Credit reporting or other personal consumer reports,2026-09-07T23:58:36.000Z,Problem with a company's investigation into an existing problem,Credit reporting,75069,,26731368,Yes,Closed with explanation,Web,"TRANSUNION INTERMEDIATE HOLDINGS, INC.",2026-09-07T23:58:19.000Z,TX,Company has responded to the consumer and the CFPB and chooses not to provide a public response,Investigation took more than 30 days
Credit reporting or other personal consumer reports,2026-09-07T23:58:36.000Z,Problem with a company's investigation into an existing problem,Credit reporting,75069,,26731367,Yes,In progress,Web,Experian Information Solutions Inc.,2026-09-07T23:58:19.000Z,TX,,Investigation took more than 30 days
Credit reporting or other personal consumer reports,2026-09-07T23:58:31.000Z,Incorrect information on your report,Credit reporting,77020,,26731364,Yes,In progress,Web,"TRANSUNION INTERMEDIATE HOLDINGS, INC.",2026-09-07T23:58:12.000Z,TX,,Information belongs to someone else
Credit reporting or other personal consumer reports,2026-09-07T23:58:34.000Z,Incorrect information on your report,Credit reporting,77020,,26731363,Yes,In progress,Web,Experian Information Solutions Inc.,2026-09-07T23:58:12.000Z,TX,,Information belongs to someone else
Credit reporting or other personal consumer reports,2026-09-07T23:59:31.000Z,Incorrect information on your report,Credit reporting,30415,,26731362,Yes,In progress,Web,"TRANSUNION INTERMEDIATE HOLDINGS, INC.",2026-09-07T23:58:11.000Z,GA,,Information belongs to someone else
Credit reporting or other personal consumer reports,2026-09-07T23:59:31.000Z,Incorrect information on your report,Credit reporting,30415,,26731361,Yes,In progress,Web,Experian Information Solutions Inc.,2026-09-07T23:58:11.000Z,GA,,Information belongs to someone else
Credit reporting or other personal consumer reports,2026-09-07T23:58:32.000Z,Improper use of your report,Credit reporting,38851,,26731360,Yes,In progress,Web,"TRANSUNION INTERMEDIATE HOLDINGS, INC.",2026-09-07T23:58:11.000Z,MS,,Reporting company used your report improperly
Credit reporting or other personal consumer reports,2026-09-07T23:58:31.000Z,Improper use of your report,Credit reporting,38851,,26731359,Yes,In progress,Web,Experian Information Solutions Inc.,2026-09-07T23:58:11.000Z,MS,,Reporting company used your report improperly
Credit reporting or other personal consumer reports,2026-09-08T00:00:29.000Z,Incorrect information on your report,Credit reporting,48035,,26731492,Yes,In progress,Web,"TRANSUNION INTERMEDIATE HOLDINGS, INC.",2026-09-07T23:58:05.000Z,MI,,Information belongs to someone else
Credit reporting or other personal consumer reports,2026-09-07T23:58:19.000Z,Incorrect information on your report,Credit reporting,33916,,26731348,Yes,In progress,Web,Experian Information Solutions Inc.,2026-09-07T23:58:01.000Z,FL,,Account information incorrect
Credit reporting or other personal consumer reports,2026-09-07T23:59:36.000Z,Incorrect information on your report,Credit reporting,64127,,26731344,Yes,In progress,Web,Experian Information Solutions Inc.,2026-09-07T23:57:56.000Z,MO,,Information belongs to someone else
Credit reporting or other personal consumer reports,2026-09-07T23:58:13.000Z,Incorrect information on your report,Credit reporting,95376,,26731340,Yes,In progress,Web,Experian Information Solutions Inc.,2026-09-07T23:57:54.000Z,CA,,Account information incorrect
Credit reporting or other personal consumer reports,2026-09-08T00:00:16.000Z,Incorrect information on your report,Credit reporting,78418,,26731461,Yes,Closed with explanation,Web,"EQUIFAX, INC.",2026-09-07T23:57:51.000Z,TX,,Information belongs to someone else
Credit reporting or other personal consumer reports,2026-09-07T23:58:10.000Z,Incorrect information on your report,Credit reporting,32207,,26731337,Yes,In progress,Web,Experian Information Solutions Inc.,2026-09-07T23:57:49.000Z,FL,,Information belongs to someone else
"Money transfer, virtual currency, or money service",2026-09-08T01:55:51.000Z,Other transaction problem,Virtual currency,91739,"Older American, Servicemember",26737347,Yes,Closed with explanation,Web,"Block, Inc.",2026-09-07T23:57:46.000Z,CA,,
Credit reporting or other personal consumer reports,2026-09-08T00:00:09.000Z,Improper use of your report,Credit reporting,35064,,26731456,Yes,In progress,Web,Experian Information Solutions Inc.,2026-09-07T23:57:35.000Z,AL,,Reporting company used your report improperly
Credit reporting or other personal consumer reports,2026-09-07T23:57:52.000Z,Improper use of your report,Credit reporting,45875,,26731301,Yes,In progress,Web,"TRANSUNION INTERMEDIATE HOLDINGS, INC.",2026-09-07T23:57:33.000Z,OH,,Reporting company used your report improperly
Credit reporting or other personal consumer reports,2026-09-07T23:57:55.000Z,Improper use of your report,Credit reporting,45875,,26731300,Yes,In progress,Web,Experian Information Solutions Inc.,2026-09-07T23:57:33.000Z,OH,,Reporting company used your report improperly
Credit reporting or other personal consumer reports,2026-09-07T23:57:35.000Z,Improper use of your report,Credit reporting,44718,,26731297,Yes,In progress,Web,"TRANSUNION INTERMEDIATE HOLDINGS, INC.",2026-09-07T23:57:17.000Z,OH,,Reporting company used your report improperly
Credit reporting or other personal consumer reports,2026-09-07T23:57:36.000Z,Improper use of your report,Credit reporting,44718,,26731296,Yes,In progress,Web,Experian Information Solutions Inc.,2026-09-07T23:57:17.000Z,OH,,Reporting company used your report improperly
Credit reporting or other personal consumer reports,2026-09-08T00:00:48.000Z,Incorrect information on your report,Credit reporting,30060,,26731409,Yes,In progress,Web,"TRANSUNION INTERMEDIATE HOLDINGS, INC.",2026-09-07T23:57:13.000Z,GA,,Information belongs to someone else
Credit reporting or other personal consumer reports,2026-09-07T23:57:31.000Z,Incorrect information on your report,Credit reporting,11417,,26731293,Yes,In progress,Web,"TRANSUNION INTERMEDIATE HOLDINGS, INC.",2026-09-07T23:57:13.000Z,NY,,Account information incorrect
Credit reporting or other personal consumer reports,2026-09-07T23:57:32.000Z,Incorrect information on your report,Credit reporting,11417,,26731292,Yes,In progress,Web,Experian Information Solutions Inc.,2026-09-07T23:57:13.000Z,NY,,Account information incorrect
Credit reporting or other personal consumer reports,2026-09-08T00:00:16.000Z,Incorrect information on your report,Credit reporting,31415,,26731460,Yes,In progress,Web,"TRANSUNION INTERMEDIATE HOLDINGS, INC.",2026-09-07T23:57:06.000Z,GA,,Account information incorrect
Credit reporting or other personal consumer reports,2026-09-08T00:20:55.000Z,Incorrect information on your report,Credit reporting,44221,,26732692,Yes,Closed with explanation,Web,"Fidelity National Information Services, Inc. (FNIS)",2026-09-07T23:57:00.000Z,OH,Company has responded to the consumer and the CFPB and chooses not to provide a public response,Information belongs to someone else
Credit reporting or other personal consumer reports,2026-09-07T23:59:29.000Z,Problem with a company's investigation into an existing problem,Credit reporting,14904,,26731426,Yes,In progress,Web,Experian Information Solutions Inc.,2026-09-07T23:56:54.000Z,NY,,Investigation took more than 30 days
Credit reporting or other personal consumer reports,2026-09-08T00:01:29.000Z,Problem with a company's investigation into an existing problem,Credit reporting,75067,,26731547,Yes,Closed with explanation,Web,"EQUIFAX, INC.",2026-09-07T23:56:44.000Z,TX,,Investigation took more than 30 days
Credit reporting or other personal consumer reports,2026-09-07T23:59:27.000Z,Problem with a company's investigation into an existing problem,Credit reporting,33311,,26731422,Yes,In progress,Web,"TRANSUNION INTERMEDIATE HOLDINGS, INC.",2026-09-07T23:56:44.000Z,FL,,Investigation took more than 30 days
Credit reporting or other personal consumer reports,2026-09-07T23:59:34.000Z,Improper use of your report,Credit reporting,70001,,26731428,Yes,In progress,Web,"TRANSUNION INTERMEDIATE HOLDINGS, INC.",2026-09-07T23:56:40.000Z,LA,,Reporting company used your report improperly
Credit reporting or other personal consumer reports,2026-09-08T00:33:52.000Z,Problem with a company's investigation into an existing problem,Credit reporting,07202,,26733251,Yes,In progress,Web,"TRANSUNION INTERMEDIATE HOLDINGS, INC.",2026-09-07T23:56:38.000Z,NJ,,Their investigation did not fix an error on your report
Credit reporting or other personal consumer reports,2026-09-08T00:00:03.000Z,Incorrect information on your report,Credit reporting,34266,,26731446,Yes,Closed with explanation,Web,"EQUIFAX, INC.",2026-09-07T23:56:33.000Z,FL,,Information belongs to someone else
Credit reporting or other personal consumer reports,2026-09-08T00:07:20.000Z,Incorrect information on your report,Credit reporting,38652,,26732416,Yes,In progress,Web,"TRANSUNION INTERMEDIATE HOLDINGS, INC.",2026-09-07T23:56:31.000Z,MS,,Account status incorrect
Credit reporting or other personal consumer reports,2026-09-07T23:56:50.000Z,Incorrect information on your report,Credit reporting,33625,,26731280,Yes,In progress,Web,"TRANSUNION INTERMEDIATE HOLDINGS, INC.",2026-09-07T23:56:28.000Z,FL,,Account information incorrect
Credit reporting or other personal consumer reports,2026-09-07T23:56:50.000Z,Incorrect information on your report,Credit reporting,33625,,26731279,Yes,In progress,Web,Experian Information Solutions Inc.,2026-09-07T23:56:28.000Z,FL,,Account information incorrect
Credit reporting or other personal consumer reports,2026-09-08T00:07:48.000Z,Improper use of your report,Credit reporting,44306,,26732420,Yes,Closed with explanation,Web,"EQUIFAX, INC.",2026-09-07T23:56:27.000Z,OH,,Reporting company used your report improperly
Credit reporting or other personal consumer reports,2026-09-07T23:56:44.000Z,Incorrect information on your report,Credit reporting,38930,,26731277,Yes,In progress,Web,"TRANSUNION INTERMEDIATE HOLDINGS, INC.",2026-09-07T23:56:25.000Z,MS,,Information belongs to someone else
Credit reporting or other personal consumer reports,2026-09-07T23:56:48.000Z,Incorrect information on your report,Credit reporting,38930,,26731276,Yes,Closed with explanation,Web,"EQUIFAX, INC.",2026-09-07T23:56:25.000Z,MS,,Information belongs to someone else
Credit reporting or other personal consumer reports,2026-09-07T23:56:44.000Z,Problem with fraud alerts or security freezes,Credit reporting,37207,,26731274,Yes,Closed with explanation,Web,Experian Information Solutions Inc.,2026-09-07T23:56:23.000Z,TN,,
Credit reporting or other personal consumer reports,2026-09-07T23:56:43.000Z,Problem with fraud alerts or security freezes,Credit reporting,37207,,26731273,Yes,Closed with explanation,Web,"Fidelity National Information Services, Inc. (FNIS)",2026-09-07T23:56:23.000Z,TN,Company has responded to the consumer and the CFPB and chooses not to provide a public response,
Credit reporting or other personal consumer reports,2026-09-07T23:58:29.000Z,Incorrect information on your report,Credit reporting,91364,,26731354,Yes,Closed with explanation,Web,"EQUIFAX, INC.",2026-09-07T23:56:13.000Z,CA,,Account information incorrect
Credit reporting or other personal consumer reports,2026-09-08T00:05:21.000Z,Problem with a company's investigation into an existing problem,Credit reporting,34986,,26731831,Yes,In progress,Web,"EQUIFAX, INC.",2026-09-07T23:56:03.000Z,FL,,Investigation took more than 30 days
Credit reporting or other personal consumer reports,2026-09-07T23:58:00.000Z,Incorrect information on your report,Credit reporting,91977,,26731332,Yes,Closed with explanation,Web,"EQUIFAX, INC.",2026-09-07T23:56:02.000Z,CA,,Information belongs to someone else
Credit reporting or other personal consumer reports,2026-09-07T23:59:06.000Z,Incorrect information on your report,Credit reporting,91766,,26731417,Yes,In progress,Web,Experian Information Solutions Inc.,2026-09-07T23:55:57.000Z,CA,,Information belongs to someone else
Credit reporting or other personal consumer reports,2026-09-07T23:56:18.000Z,Incorrect information on your report,Credit reporting,30013,,26731229,Yes,In progress,Web,Experian Information Solutions Inc.,2026-09-07T23:55:53.000Z,GA,,Information belongs to someone else
Credit reporting or other personal consumer reports,2026-09-07T23:56:19.000Z,Incorrect information on your report,Credit reporting,30013,,26731228,Yes,Closed with explanation,Web,"EQUIFAX, INC.",2026-09-07T23:55:53.000Z,GA,,Information belongs to someone else
Credit reporting or other personal consumer reports,2026-09-07T23:58:54.000Z,Incorrect information on your report,Credit reporting,01841,,26731401,Yes,In progress,Web,"TRANSUNION INTERMEDIATE HOLDINGS, INC.",2026-09-07T23:55:46.000Z,MA,,Information belongs to someone else
Credit reporting or other personal consumer reports,2026-09-07T23:59:53.000Z,Incorrect information on your report,Credit reporting,33486,,26731441,Yes,In progress,Web,"EQUIFAX, INC.",2026-09-07T23:55:43.000Z,FL,,Account information incorrect
Credit reporting or other personal consumer reports,2026-09-08T00:01:17.000Z,Problem with a company's investigation into an existing problem,Credit reporting,30180,,26731543,Yes,Closed with explanation,Web,"EQUIFAX, INC.",2026-09-07T23:55:40.000Z,GA,,Investigation took more than 30 days
Credit reporting or other personal consumer reports,2026-09-07T23:58:21.000Z,Incorrect information on your report,Credit reporting,21043,,26731347,Yes,In progress,Web,"TRANSUNION INTERMEDIATE HOLDINGS, INC.",2026-09-07T23:55:40.000Z,MD,,Account information incorrect
Credit reporting or other personal consumer reports,2026-09-08T00:01:21.000Z,Problem with a company's investigation into an existing problem,Credit reporting,30180,,26731544,Yes,In progress,Web,Experian Information Solutions Inc.,2026-09-07T23:55:39.000Z,GA,,Investigation took more than 30 days
Credit reporting or other personal consumer reports,2026-09-07T23:57:23.000Z,Incorrect information on your report,Credit reporting,30060,,26731286,Yes,Closed with explanation,Web,"EQUIFAX, INC.",2026-09-07T23:55:39.000Z,GA,,Information belongs to someone else
Credit reporting or other personal consumer reports,2026-09-07T23:58:12.000Z,Incorrect information on your report,Credit reporting,48035,,26731336,Yes,In progress,Web,Experian Information Solutions Inc.,2026-09-07T23:55:31.000Z,MI,,Information belongs to someone else
Credit reporting or other personal consumer reports,2026-09-07T23:55:49.000Z,Problem with a company's investigation into an existing problem,Credit reporting,75126,,26731221,Yes,In progress,Web,"TRANSUNION INTERMEDIATE HOLDINGS, INC.",2026-09-07T23:55:28.000Z,TX,,Investigation took more than 30 days
Credit reporting or other personal consumer reports,2026-09-07T23:55:48.000Z,Problem with a company's investigation into an existing problem,Credit reporting,75126,,26731220,Yes,In progress,Web,Experian Information Solutions Inc.,2026-09-07T23:55:28.000Z,TX,,Investigation took more than 30 days
Credit reporting or other personal consumer reports,2026-09-07T23:58:31.000Z,Incorrect information on your report,Credit reporting,77020,,26731357,Yes,Closed with explanation,Web,"EQUIFAX, INC.",2026-09-07T23:55:27.000Z,TX,,Information belongs to someone else
Credit reporting or other personal consumer reports,2026-09-07T23:59:34.000Z,Incorrect information on your report,Credit reporting,77386,,26731427,Yes,In progress,Web,Experian Information Solutions Inc.,2026-09-07T23:55:26.000Z,TX,,Information belongs to someone else
Credit reporting or other personal consumer reports,2026-09-08T00:01:26.000Z,Problem with a company's investigation into an existing problem,Credit reporting,30180,,26731546,Yes,In progress,Web,"TRANSUNION INTERMEDIATE HOLDINGS, INC.",2026-09-07T23:55:25.000Z,GA,,Investigation took more than 30 days
Credit reporting or other personal consumer reports,2026-09-07T23:55:44.000Z,Improper use of your report,Credit reporting,70001,,26731217,Yes,In progress,Web,Experian Information Solutions Inc.,2026-09-07T23:55:24.000Z,LA,,Reporting company used your report improperly
Credit reporting or other personal consumer reports,2026-09-08T00:00:47.000Z,Incorrect information on your report,Credit reporting,11235,,26731411,Yes,In progress,Web,"TRANSUNION INTERMEDIATE HOLDINGS, INC.",2026-09-07T23:55:23.000Z,NY,,Information belongs to someone else
Credit reporting or other personal consumer reports,2026-09-08T00:00:09.000Z,Problem with a company's investigation into an existing problem,Credit reporting,27893,,26731458,Yes,In progress,Web,"TRANSUNION INTERMEDIATE HOLDINGS, INC.",2026-09-07T23:59:51.000Z,NC,,Their investigation did not fix an error on your report
Credit reporting or other personal consumer reports,2026-09-08T00:00:07.000Z,Problem with a company's investigation into an existing problem,Credit reporting,27893,,26731457,Yes,In progress,Web,Experian Information Solutions Inc.,2026-09-07T23:59:51.000Z,NC,,Their investigation did not fix an error on your report
Credit reporting or other personal consumer reports,2026-09-08T00:02:32.000Z,Incorrect information on your report,Credit reporting,60639,,26731611,Yes,In progress,Web,Experian Information Solutions Inc.,2026-09-07T23:59:48.000Z,IL,,Information belongs to someone else
Debt collection,2026-09-08T00:07:48.000Z,Written notification about debt,I do not know,94596,,26732421,Yes,Closed with explanation,Web,"Associated Credit Services, Inc.",2026-09-07T23:59:47.000Z,CA,,Didn't receive enough information to verify debt
Credit reporting or other personal consumer reports,2026-09-08T00:00:04.000Z,Incorrect information on your report,Credit reporting,07083,,26731453,Yes,In progress,Web,"TRANSUNION INTERMEDIATE HOLDINGS, INC.",2026-09-07T23:59:45.000Z,NJ,,Account information incorrect
Credit reporting or other personal consumer reports,2026-09-08T00:00:01.000Z,Incorrect information on your report,Credit reporting,34266,,26731448,Yes,In progress,Web,"TRANSUNION INTERMEDIATE HOLDINGS, INC.",2026-09-07T23:59:44.000Z,FL,,Information belongs to someone else
Credit reporting or other personal consumer reports,2026-09-08T00:12:32.000Z,Incorrect information on your report,Credit reporting,91607,,26732525,Yes,In progress,Web,"TRANSUNION INTERMEDIATE HOLDINGS, INC.",2026-09-07T23:59:34.000Z,CA,,Information belongs to someone else
Credit reporting or other personal consumer reports,2026-09-07T23:59:53.000Z,Incorrect information on your report,Credit reporting,33486,,26731443,Yes,In progress,Web,"TRANSUNION INTERMEDIATE HOLDINGS, INC.",2026-09-07T23:59:32.000Z,FL,,Account information incorrect
Credit reporting or other personal consumer reports,2026-09-07T23:59:53.000Z,Incorrect information on your report,Credit reporting,33486,,26731442,Yes,In progress,Web,Experian Information Solutions Inc.,2026-09-07T23:59:32.000Z,FL,,Account information incorrect
Credit reporting or other personal consumer reports,2026-09-08T00:03:28.000Z,Problem with a company's investigation into an existing problem,Credit reporting,14904,,26731636,Yes,In progress,Web,"TRANSUNION INTERMEDIATE HOLDINGS, INC.",2026-09-07T23:59:29.000Z,NY,,Investigation took more than 30 days
Credit reporting or other personal consumer reports,2026-09-08T00:02:22.000Z,Incorrect information on your report,Credit reporting,38115,,26731584,Yes,Closed with non-monetary relief,Web,"EQUIFAX, INC.",2026-09-07T23:59:28.000Z,TN,,Information belongs to someone else
Credit reporting or other personal consumer reports,2026-09-08T00:05:05.000Z,Incorrect information on your report,Credit reporting,30064,,26731820,Yes,In progress,Web,"EQUIFAX, INC.",2026-09-07T23:59:22.000Z,GA,,Information belongs to someone else
Credit reporting or other personal consumer reports,2026-09-07T23:59:34.000Z,Improper use of your report,Credit reporting,70001,,26731432,Yes,In progress,Web,"TRANSUNION INTERMEDIATE HOLDINGS, INC.",2026-09-07T23:59:13.000Z,LA,,Reporting company used your report improperly
Credit reporting or other personal consumer reports,2026-09-07T23:59:36.000Z,Improper use of your report,Credit reporting,70001,,26731431,Yes,In progress,Web,"TRANSUNION INTERMEDIATE HOLDINGS, INC.",2026-09-07T23:59:13.000Z,LA,,Reporting company used your report improperly
Credit reporting or other personal consumer reports,2026-09-08T00:01:38.000Z,Incorrect information on your report,Credit reporting,91766,,26731550,Yes,Closed with explanation,Web,LEXISNEXIS,2026-09-07T23:59:11.000Z,CA,,Information belongs to someone else
Credit reporting or other personal consumer reports,2026-09-07T23:59:33.000Z,Incorrect information on your report,Credit reporting,77386,,26731430,Yes,In progress,Web,"TRANSUNION INTERMEDIATE HOLDINGS, INC.",2026-09-07T23:59:11.000Z,TX,,Information belongs to someone else
Credit reporting or other personal consumer reports,2026-09-08T00:01:17.000Z,Incorrect information on your report,Credit reporting,30060,,26731542,Yes,Closed with explanation,Web,FIFTH THIRD FINANCIAL CORPORATION,2026-09-07T23:59:08.000Z,GA,,Account information incorrect
Debt collection,2026-09-08T00:05:08.000Z,False statements or representation,I do not know,29435,,26731821,Yes,Closed with explanation,Web,"January Technologies, Inc",2026-09-07T23:59:07.000Z,SC,Company believes it acted appropriately as authorized by contract or law,Attempted to collect wrong amount
Credit reporting or other personal consumer reports,2026-09-07T23:59:24.000Z,Problem with a company's investigation into an existing problem,Credit reporting,75154,,26731424,Yes,In progress,Web,"TRANSUNION INTERMEDIATE HOLDINGS, INC.",2026-09-07T23:59:03.000Z,TX,,Investigation took more than 30 days
Credit reporting or other personal consumer reports,2026-09-07T23:59:24.000Z,Problem with a company's investigation into an existing problem,Credit reporting,75154,,26731423,Yes,In progress,Web,Experian Information Solutions Inc.,2026-09-07T23:59:03.000Z,TX,,Investigation took more than 30 days
Credit reporting or other personal consumer reports,2026-09-08T00:05:52.000Z,Improper use of your report,Credit reporting,19701,,26731985,Yes,In progress,Web,"TRANSUNION INTERMEDIATE HOLDINGS, INC.",2026-09-07T23:58:58.000Z,DE,,Reporting company used your report improperly
Credit reporting or other personal consumer reports,2026-09-08T00:02:02.000Z,Incorrect information on your report,Credit reporting,01841,,26731580,Yes,In progress,Web,"TRANSUNION INTERMEDIATE HOLDINGS, INC.",2026-09-07T23:58:56.000Z,MA,,Account information incorrect
Credit reporting or other personal consumer reports,2026-09-07T23:59:06.000Z,Incorrect information on your report,Credit reporting,91766,,26731418,Yes,In progress,Web,"TRANSUNION INTERMEDIATE HOLDINGS, INC.",2026-09-07T23:58:49.000Z,CA,,Information belongs to someone else
Credit reporting or other personal consumer reports,2026-09-07T23:59:02.000Z,Problem with a company's investigation into an existing problem,Credit reporting,55445,,26731415,Yes,Closed with non-monetary relief,Web,"SANTANDER HOLDINGS USA, INC.",2026-09-07T23:58:43.000Z,MN,,Their investigation did not fix an error on your report
Credit reporting or other personal consumer reports,2026-09-07T23:59:00.000Z,Problem with a company's investigation into an existing problem,Credit reporting,75243,,26731414,Yes,In progress,Web,"TRANSUNION INTERMEDIATE HOLDINGS, INC.",2026-09-07T23:58:42.000Z,TX,,Investigation took more than 30 days
Credit reporting or other personal consumer reports,2026-09-07T23:59:00.000Z,Problem with a company's investigation into an existing problem,Credit reporting,75243,,26731413,Yes,In progress,Web,Experian Information Solutions Inc.,2026-09-07T23:58:42.000Z,TX,,Investigation took more than 30 days
"Money transfer, virtual currency, or money service",2026-09-08T00:23:46.000Z,Unauthorized transactions or other transaction problem,Mobile or digital wallet,74937,,26732744,Yes,Closed with explanation,Web,Chime Financial Inc,2026-09-07T23:58:41.000Z,OK,,
Credit reporting or other personal consumer reports,2026-09-08T00:00:40.000Z,Incorrect information on your report,Credit reporting,91364,,26731496,Yes,In progress,Web,Experian Information Solutions Inc.,2026-09-07T23:58:39.000Z,CA,,Account information incorrect
Credit reporting or other personal consumer reports,2026-09-07T23:58:55.000Z,Problem with a company's investigation into an existing problem,Credit reporting,75104,,26731408,Yes,In progress,Web,"TRANSUNION INTERMEDIATE HOLDINGS, INC.",2026-09-07T23:58:36.000Z,TX,,Investigation took more than 30 days
Credit reporting or other personal consumer reports,2026-09-07T23:58:55.000Z,Problem with a company's investigation into an existing problem,Credit reporting,75104,,26731407,Yes,In progress,Web,Experian Information Solutions Inc.,2026-09-07T23:58:36.000Z,TX,,Investigation took more than 30 days
Credit reporting or other personal consumer reports,2026-09-08T00:00:26.000Z,Incorrect information on your report,Credit reporting,34773,,26731491,Yes,In progress,Web,Experian Information Solutions Inc.,2026-09-07T23:58:35.000Z,FL,,Information belongs to someone else
Credit reporting or other personal consumer reports,2026-09-07T23:58:55.000Z,Incorrect information on your report,Credit reporting,01841,,26731405,Yes,Closed with explanation,Web,"EQUIFAX, INC.",2026-09-07T23:58:30.000Z,MA,,Information belongs to someone else
Credit reporting or other personal consumer reports,2026-09-07T23:58:52.000Z,Incorrect information on your report,Credit reporting,01841,,26731404,Yes,In progress,Web,Experian Information Solutions Inc.,2026-09-07T23:58:30.000Z,MA,,Information belongs to someone else
Credit reporting or other personal consumer reports,2026-09-08T00:01:12.000Z,Incorrect information on your report,Credit reporting,77020,,26731535,Yes,Closed with explanation,Web,"EQUIFAX, INC.",2026-09-07T23:58:29.000Z,TX,,Information belongs to someone else
Credit reporting or other personal consumer reports,2026-09-07T23:58:50.000Z,Incorrect information on your report,Credit reporting,91913,,26731403,Yes,Closed with explanation,Web,"EQUIFAX, INC.",2026-09-07T23:58:29.000Z,CA,,Information belongs to someone else
Credit reporting or other personal consumer reports,2026-09-07T23:58:50.000Z,Incorrect information on your report,Credit reporting,91913,,26731402,Yes,In progress,Web,Experian Information Solutions Inc.,2026-09-07T23:58:29.000Z,CA,,Information belongs to someone else
Credit reporting or other personal consumer reports,2026-09-08T00:00:26.000Z,Incorrect information on your report,Credit reporting,08046,,26731490,Yes,In progress,Web,Experian Information Solutions Inc.,2026-09-07T23:58:28.000Z,NJ,,Information belongs to someone else
Credit reporting or other personal consumer reports,2026-09-07T23:58:50.000Z,Improper use of your report,Credit reporting,75034,,26731400,Yes,Closed with explanation,Web,"AC AutoPay LLC, Denver, CO Branch",2026-09-07T23:58:26.000Z,TX,Company believes it acted appropriately as authorized by contract or law,Credit inquiries on your report that you don't recognize
Credit reporting or other personal consumer reports,2026-09-07T23:58:49.000Z,Improper use of your report,Credit reporting,75034,,26731399,Yes,In progress,Web,"TRANSUNION INTERMEDIATE HOLDINGS, INC.",2026-09-07T23:58:26.000Z,TX,,Credit inquiries on your report that you don't recognize
Credit reporting or other personal consumer reports,2026-09-08T00:01:29.000Z,Incorrect information on your report,Credit reporting,91977,,26731545,Yes,In progress,Web,Experian Information Solutions Inc.,2026-09-07T23:58:24.000Z,CA,,Information belongs to someone else
Credit reporting or other personal consumer reports,2026-09-08T00:00:59.000Z,Incorrect information on your report,Credit reporting,14221,,26731498,Yes,In progress,Web,"TRANSUNION INTERMEDIATE HOLDINGS, INC.",2026-09-07T23:58:21.000Z,NY,,Information belongs to someone else
Credit reporting or other personal consumer reports,2026-09-07T23:58:36.000Z,Problem with a company's investigation into an existing problem,Credit reporting,75069,,26731368,Yes,Closed with explanation,Web,"TRANSUNION INTERMEDIATE HOLDINGS, INC.",2026-09-07T23:58:19.000Z,TX,Company has responded to the consumer and the CFPB and chooses not to provide a public response,Investigation took more than 30 days
Credit reporting or other personal consumer reports,2026-09-07T23:58:36.000Z,Problem with a company's investigation into an existing problem,Credit reporting,75069,,26731367,Yes,In progress,Web,Experian Information Solutions Inc.,2026-09-07T23:58:19.000Z,TX,,Investigation took more than 30 days
Credit reporting or other personal consumer reports,2026-09-07T23:58:31.000Z,Incorrect information on your report,Credit reporting,77020,,26731364,Yes,In progress,Web,"TRANSUNION INTERMEDIATE HOLDINGS, INC.",2026-09-07T23:58:12.000Z,TX,,Information belongs to someone else
Credit reporting or other personal consumer reports,2026-09-07T23:58:34.000Z,Incorrect information on your report,Credit reporting,77020,,26731363,Yes,In progress,Web,Experian Information Solutions Inc.,2026-09-07T23:58:12.000Z,TX,,Information belongs to someone else
Credit reporting or other personal consumer reports,2026-09-07T23:59:31.000Z,Incorrect information on your report,Credit reporting,30415,,26731362,Yes,In progress,Web,"TRANSUNION INTERMEDIATE HOLDINGS, INC.",2026-09-07T23:58:11.000Z,GA,,Information belongs to someone else
Credit reporting or other personal consumer reports,2026-09-07T23:59:31.000Z,Incorrect information on your report,Credit reporting,30415,,26731361,Yes,In progress,Web,Experian Information Solutions Inc.,2026-09-07T23:58:11.000Z,GA,,Information belongs to someone else
Credit reporting or other personal consumer reports,2026-09-07T23:58:32.000Z,Improper use of your report,Credit reporting,38851,,26731360,Yes,In progress,Web,"TRANSUNION INTERMEDIATE HOLDINGS, INC.",2026-09-07T23:58:11.000Z,MS,,Reporting company used your report improperly
Credit reporting or other personal consumer reports,2026-09-07T23:58:31.000Z,Improper use of your report,Credit reporting,38851,,26731359,Yes,In progress,Web,Experian Information Solutions Inc.,2026-09-07T23:58:11.000Z,MS,,Reporting company used your report improperly
Credit reporting or other personal consumer reports,2026-09-08T00:00:29.000Z,Incorrect information on your report,Credit reporting,48035,,26731492,Yes,In progress,Web,"TRANSUNION INTERMEDIATE HOLDINGS, INC.",2026-09-07T23:58:05.000Z,MI,,Information belongs to someone else
Credit reporting or other personal consumer reports,2026-09-07T23:58:19.000Z,Incorrect information on your report,Credit reporting,33916,,26731348,Yes,In progress,Web,Experian Information Solutions Inc.,2026-09-07T23:58:01.000Z,FL,,Account information incorrect
Credit reporting or other personal consumer reports,2026-09-07T23:59:36.000Z,Incorrect information on your report,Credit reporting,64127,,26731344,Yes,In progress,Web,Experian Information Solutions Inc.,2026-09-07T23:57:56.000Z,MO,,Information belongs to someone else
Credit reporting or other personal consumer reports,2026-09-07T23:58:13.000Z,Incorrect information on your report,Credit reporting,95376,,26731340,Yes,In progress,Web,Experian Information Solutions Inc.,2026-09-07T23:57:54.000Z,CA,,Account information incorrect
Credit reporting or other personal consumer reports,2026-09-08T00:00:16.000Z,Incorrect information on your report,Credit reporting,78418,,26731461,Yes,Closed with explanation,Web,"EQUIFAX, INC.",2026-09-07T23:57:51.000Z,TX,,Information belongs to someone else
Credit reporting or other personal consumer reports,2026-09-07T23:58:10.000Z,Incorrect information on your report,Credit reporting,32207,,26731337,Yes,In progress,Web,Experian Information Solutions Inc.,2026-09-07T23:57:49.000Z,FL,,Information belongs to someone else
"Money transfer, virtual currency, or money service",2026-09-08T01:55:51.000Z,Other transaction problem,Virtual currency,91739,"Older American, Servicemember",26737347,Yes,Closed with explanation,Web,"Block, Inc.",2026-09-07T23:57:46.000Z,CA,,
Credit reporting or other personal consumer reports,2026-09-08T00:00:09.000Z,Improper use of your report,Credit reporting,35064,,26731456,Yes,In progress,Web,Experian Information Solutions Inc.,2026-09-07T23:57:35.000Z,AL,,Reporting company used your report improperly
Credit reporting or other personal consumer reports,2026-09-07T23:57:52.000Z,Improper use of your report,Credit reporting,45875,,26731301,Yes,In progress,Web,"TRANSUNION INTERMEDIATE HOLDINGS, INC.",2026-09-07T23:57:33.000Z,OH,,Reporting company used your report improperly
Credit reporting or other personal consumer reports,2026-09-07T23:57:55.000Z,Improper use of your report,Credit reporting,45875,,26731300,Yes,In progress,Web,Experian Information Solutions Inc.,2026-09-07T23:57:33.000Z,OH,,Reporting company used your report improperly
Credit reporting or other personal consumer reports,2026-09-07T23:57:35.000Z,Improper use of your report,Credit reporting,44718,,26731297,Yes,In progress,Web,"TRANSUNION INTERMEDIATE HOLDINGS, INC.",2026-09-07T23:57:17.000Z,OH,,Reporting company used your report improperly
Credit reporting or other personal consumer reports,2026-09-07T23:57:36.000Z,Improper use of your report,Credit reporting,44718,,26731296,Yes,In progress,Web,Experian Information Solutions Inc.,2026-09-07T23:57:17.000Z,OH,,Reporting company used your report improperly
Credit reporting or other personal consumer reports,2026-09-08T00:00:48.000Z,Incorrect information on your report,Credit reporting,30060,,26731409,Yes,In progress,Web,"TRANSUNION INTERMEDIATE HOLDINGS, INC.",2026-09-07T23:57:13.000Z,GA,,Information belongs to someone else
Credit reporting or other personal consumer reports,2026-09-07T23:57:31.000Z,Incorrect information on your report,Credit reporting,11417,,26731293,Yes,In progress,Web,"TRANSUNION INTERMEDIATE HOLDINGS, INC.",2026-09-07T23:57:13.000Z,NY,,Account information incorrect
Credit reporting or other personal consumer reports,2026-09-07T23:57:32.000Z,Incorrect information on your report,Credit reporting,11417,,26731292,Yes,In progress,Web,Experian Information Solutions Inc.,2026-09-07T23:57:13.000Z,NY,,Account information incorrect
Credit reporting or other personal consumer reports,2026-09-08T00:00:16.000Z,Incorrect information on your report,Credit reporting,31415,,26731460,Yes,In progress,Web,"TRANSUNION INTERMEDIATE HOLDINGS, INC.",2026-09-07T23:57:06.000Z,GA,,Account information incorrect
Credit reporting or other personal consumer reports,2026-09-08T00:20:55.000Z,Incorrect information on your report,Credit reporting,44221,,26732692,Yes,Closed with explanation,Web,"Fidelity National Information Services, Inc. (FNIS)",2026-09-07T23:57:00.000Z,OH,Company has responded to the consumer and the CFPB and chooses not to provide a public response,Information belongs to someone else
Credit reporting or other personal consumer reports,2026-09-07T23:59:29.000Z,Problem with a company's investigation into an existing problem,Credit reporting,14904,,26731426,Yes,In progress,Web,Experian Information Solutions Inc.,2026-09-07T23:56:54.000Z,NY,,Investigation took more than 30 days
Credit reporting or other personal consumer reports,2026-09-08T00:01:29.000Z,Problem with a company's investigation into an existing problem,Credit reporting,75067,,26731547,Yes,Closed with explanation,Web,"EQUIFAX, INC.",2026-09-07T23:56:44.000Z,TX,,Investigation took more than 30 days
Credit reporting or other personal consumer reports,2026-09-07T23:59:27.000Z,Problem with a company's investigation into an existing problem,Credit reporting,33311,,26731422,Yes,In progress,Web,"TRANSUNION INTERMEDIATE HOLDINGS, INC.",2026-09-07T23:56:44.000Z,FL,,Investigation took more than 30 days
Credit reporting or other personal consumer reports,2026-09-07T23:59:34.000Z,Improper use of your report,Credit reporting,70001,,26731428,Yes,In progress,Web,"TRANSUNION INTERMEDIATE HOLDINGS, INC.",2026-09-07T23:56:40.000Z,LA,,Reporting company used your report improperly
Credit reporting or other personal consumer reports,2026-09-08T00:33:52.000Z,Problem with a company's investigation into an existing problem,Credit reporting,07202,,26733251,Yes,In progress,Web,"TRANSUNION INTERMEDIATE HOLDINGS, INC.",2026-09-07T23:56:38.000Z,NJ,,Their investigation did not fix an error on your report
Credit reporting or other personal consumer reports,2026-09-08T00:00:03.000Z,Incorrect information on your report,Credit reporting,34266,,26731446,Yes,Closed with explanation,Web,"EQUIFAX, INC.",2026-09-07T23:56:33.000Z,FL,,Information belongs to someone else
Credit reporting or other personal consumer reports,2026-09-08T00:07:20.000Z,Incorrect information on your report,Credit reporting,38652,,26732416,Yes,In progress,Web,"TRANSUNION INTERMEDIATE HOLDINGS, INC.",2026-09-07T23:56:31.000Z,MS,,Account status incorrect
Credit reporting or other personal consumer reports,2026-09-07T23:56:50.000Z,Incorrect information on your report,Credit reporting,33625,,26731280,Yes,In progress,Web,"TRANSUNION INTERMEDIATE HOLDINGS, INC.",2026-09-07T23:56:28.000Z,FL,,Account information incorrect
Credit reporting or other personal consumer reports,2026-09-07T23:56:50.000Z,Incorrect information on your report,Credit reporting,33625,,26731279,Yes,In progress,Web,Experian Information Solutions Inc.,2026-09-07T23:56:28.000Z,FL,,Account information incorrect
Credit reporting or other personal consumer reports,2026-09-08T00:07:48.000Z,Improper use of your report,Credit reporting,44306,,26732420,Yes,Closed with explanation,Web,"EQUIFAX, INC.",2026-09-07T23:56:27.000Z,OH,,Reporting company used your report improperly
Credit reporting or other personal consumer reports,2026-09-07T23:56:44.000Z,Incorrect information on your report,Credit reporting,38930,,26731277,Yes,In progress,Web,"TRANSUNION INTERMEDIATE HOLDINGS, INC.",2026-09-07T23:56:25.000Z,MS,,Information belongs to someone else
Credit reporting or other personal consumer reports,2026-09-07T23:56:48.000Z,Incorrect information on your report,Credit reporting,38930,,26731276,Yes,Closed with explanation,Web,"EQUIFAX, INC.",2026-09-07T23:56:25.000Z,MS,,Information belongs to someone else
Credit reporting or other personal consumer reports,2026-09-07T23:56:44.000Z,Problem with fraud alerts or security freezes,Credit reporting,37207,,26731274,Yes,Closed with explanation,Web,Experian Information Solutions Inc.,2026-09-07T23:56:23.000Z,TN,,
Credit reporting or other personal consumer reports,2026-09-07T23:56:43.000Z,Problem with fraud alerts or security freezes,Credit reporting,37207,,26731273,Yes,Closed with explanation,Web,"Fidelity National Information Services, Inc. (FNIS)",2026-09-07T23:56:23.000Z,TN,Company has responded to the consumer and the CFPB and chooses not to provide a public response,
Credit reporting or other personal consumer reports,2026-09-07T23:58:29.000Z,Incorrect information on your report,Credit reporting,91364,,26731354,Yes,Closed with explanation,Web,"EQUIFAX, INC.",2026-09-07T23:56:13.000Z,CA,,Account information incorrect
Credit reporting or other personal consumer reports,2026-09-08T00:05:21.000Z,Problem with a company's investigation into an existing problem,Credit reporting,34986,,26731831,Yes,In progress,Web,"EQUIFAX, INC.",2026-09-07T23:56:03.000Z,FL,,Investigation took more than 30 days
Credit reporting or other personal consumer reports,2026-09-07T23:58:00.000Z,Incorrect information on your report,Credit reporting,91977,,26731332,Yes,Closed with explanation,Web,"EQUIFAX, INC.",2026-09-07T23:56:02.000Z,CA,,Information belongs to someone else
Credit reporting or other personal consumer reports,2026-09-07T23:59:06.000Z,Incorrect information on your report,Credit reporting,91766,,26731417,Yes,In progress,Web,Experian Information Solutions Inc.,2026-09-07T23:55:57.000Z,CA,,Information belongs to someone else
Credit reporting or other personal consumer reports,2026-09-07T23:56:18.000Z,Incorrect information on your report,Credit reporting,30013,,26731229,Yes,In progress,Web,Experian Information Solutions Inc.,2026-09-07T23:55:53.000Z,GA,,Information belongs to someone else
Credit reporting or other personal consumer reports,2026-09-07T23:56:19.000Z,Incorrect information on your report,Credit reporting,30013,,26731228,Yes,Closed with explanation,Web,"EQUIFAX, INC.",2026-09-07T23:55:53.000Z,GA,,Information belongs to someone else
Credit reporting or other personal consumer reports,2026-09-07T23:58:54.000Z,Incorrect information on your report,Credit reporting,01841,,26731401,Yes,In progress,Web,"TRANSUNION INTERMEDIATE HOLDINGS, INC.",2026-09-07T23:55:46.000Z,MA,,Information belongs to someone else
Credit reporting or other personal consumer reports,2026-09-07T23:59:53.000Z,Incorrect information on your report,Credit reporting,33486,,26731441,Yes,In progress,Web,"EQUIFAX, INC.",2026-09-07T23:55:43.000Z,FL,,Account information incorrect
Credit reporting or other personal consumer reports,2026-09-08T00:01:17.000Z,Problem with a company's investigation into an existing problem,Credit reporting,30180,,26731543,Yes,Closed with explanation,Web,"EQUIFAX, INC.",2026-09-07T23:55:40.000Z,GA,,Investigation took more than 30 days
Credit reporting or other personal consumer reports,2026-09-07T23:58:21.000Z,Incorrect information on your report,Credit reporting,21043,,26731347,Yes,In progress,Web,"TRANSUNION INTERMEDIATE HOLDINGS, INC.",2026-09-07T23:55:40.000Z,MD,,Account information incorrect
Credit reporting or other personal consumer reports,2026-09-08T00:01:21.000Z,Problem with a company's investigation into an existing problem,Credit reporting,30180,,26731544,Yes,In progress,Web,Experian Information Solutions Inc.,2026-09-07T23:55:39.000Z,GA,,Investigation took more than 30 days
Credit reporting or other personal consumer reports,2026-09-07T23:57:23.000Z,Incorrect information on your report,Credit reporting,30060,,26731286,Yes,Closed with explanation,Web,"EQUIFAX, INC.",2026-09-07T23:55:39.000Z,GA,,Information belongs to someone else
Credit reporting or other personal consumer reports,2026-09-07T23:58:12.000Z,Incorrect information on your report,Credit reporting,48035,,26731336,Yes,In progress,Web,Experian Information Solutions Inc.,2026-09-07T23:55:31.000Z,MI,,Information belongs to someone else
Credit reporting or other personal consumer reports,2026-09-07T23:55:49.000Z,Problem with a company's investigation into an existing problem,Credit reporting,75126,,26731221,Yes,In progress,Web,"TRANSUNION INTERMEDIATE HOLDINGS, INC.",2026-09-07T23:55:28.000Z,TX,,Investigation took more than 30 days
Credit reporting or other personal consumer reports,2026-09-07T23:55:48.000Z,Problem with a company's investigation into an existing problem,Credit reporting,75126,,26731220,Yes,In progress,Web,Experian Information Solutions Inc.,2026-09-07T23:55:28.000Z,TX,,Investigation took more than 30 days
Credit reporting or other personal consumer reports,2026-09-07T23:58:31.000Z,Incorrect information on your report,Credit reporting,77020,,26731357,Yes,Closed with explanation,Web,"EQUIFAX, INC.",2026-09-07T23:55:27.000Z,TX,,Information belongs to someone else
Credit reporting or other personal consumer reports,2026-09-07T23:59:34.000Z,Incorrect information on your report,Credit reporting,77386,,26731427,Yes,In progress,Web,Experian Information Solutions Inc.,2026-09-07T23:55:26.000Z,TX,,Information belongs to someone else
Credit reporting or other personal consumer reports,2026-09-08T00:01:26.000Z,Problem with a company's investigation into an existing problem,Credit reporting,30180,,26731546,Yes,In progress,Web,"TRANSUNION INTERMEDIATE HOLDINGS, INC.",2026-09-07T23:55:25.000Z,GA,,Investigation took more than 30 days
Credit reporting or other personal consumer reports,2026-09-07T23:55:44.000Z,Improper use of your report,Credit reporting,70001,,26731217,Yes,In progress,Web,Experian Information Solutions Inc.,2026-09-07T23:55:24.000Z,LA,,Reporting company used your report improperly
Credit reporting or other personal consumer reports,2026-09-08T00:00:47.000Z,Incorrect information on your report,Credit reporting,11235,,26731411,Yes,In progress,Web,"TRANSUNION INTERMEDIATE HOLDINGS, INC.",2026-09-07T23:55:23.000Z,NY,,Information belongs to someone else
